{"sa": 1.0, "ri1": 1.0502930852800931, "ri2": 1.125557443257559, 
"ga3": 1.253607019907006, "ma1": 1.3325629015795974, "pa": 1.4954337412417669, 
"da1": 1.5774395457015526, "da2": 1.687713914863785, "ni3": 1.8822683388048216}

